{
  "N": 9e+60,
  "substrate_scale": {
    "alpha_em": 3.266147032113883e-59,
    "alpha_weak": 6.532294064227766e-59,
    "alpha_strong": 2.6129176256911063e-58
  },
  "Compton_scale": {
    "alpha_em": 1.68295112805719e-57,
    "alpha_weak": 2.584237813930143e-57,
    "alpha_strong": 1.030401785360234e-56
  },
  "mass_ratios": {
    "m_mu_over_m_e": 82.5154992738599,
    "m_tau_over_m_e": 138.81013053939327
  },
  "validation": {
    "alpha_em_Compton": {
      "predicted": 1.68295112805719e-57,
      "experimental": 0.0072973525692838015,
      "error_percent": 100.0
    },
    "m_mu_over_m_e": {
      "predicted": 82.5154992738599,
      "experimental": 206.768283,
      "error_percent": 60.092767576998305
    },
    "m_tau_over_m_e": {
      "predicted": 138.81013053939327,
      "experimental": 3477.15,
      "error_percent": 96.0079337808437
    }
  }
}