{
  "N": 9e+60,
  "holographic_factor": 4.3267487109222026e+40,
  "substrate_scale": {
    "alpha_em": 3.266147032113883e-59,
    "alpha_gravity": 1.111111111111111e-61
  },
  "observer_scale": {
    "alpha_em": 1.4131797460881121e-18,
    "inverse_alpha_em": 7.076240674748884e+17
  },
  "eigenvalues": {
    "lambda_1": 5.971232200724125e+77,
    "lambda_2": 75967305.11548711
  },
  "mass_ratios": {
    "m_mu_over_m_e": 3.0827765424933754e+38,
    "m_tau_over_m_e": 3477.1500000000005
  },
  "dark_sector": {
    "rho_lambda": 1.111111111111111e-61,
    "rho_DM": 1.710571301052947e-54
  },
  "validation": {
    "alpha_em_Compton": {
      "predicted": 1.4131797460881121e-18,
      "experimental": 0.0072973525692838015,
      "error_percent": 99.99999999999997
    },
    "m_mu_over_m_e": {
      "predicted": 3.0827765424933754e+38,
      "experimental": 206.768283,
      "error_percent": 1.4909329892212605e+38
    },
    "m_tau_over_m_e": {
      "predicted": 3477.1500000000005,
      "experimental": 3477.15,
      "error_percent": 1.307816317635029e-14
    }
  }
}