{
  "Input": {
    "N_universe": 9e+60
  },
  "Fundamental": {
    "G": 1.6946501157580074e-36,
    "alpha": 0.0072973525693,
    "l_P": 2.5754139799765674e-48
  },
  "Leptons": {
    "electron_MeV": 18999542.71271009,
    "muon_MeV": 75998170.85084036,
    "tau_MeV": 170995884.4143908,
    "g_factor": 2.002322819465777
  },
  "Quarks": {
    "up_MeV": 63331809.04236696,
    "down_MeV": 50665447.233893566,
    "charm_GeV": 12666361.808473391,
    "strange_MeV": 7599817085.084036,
    "top_GeV": 1899954271.271009,
    "bottom_GeV": 405323577.8711485
  },
  "GaugeBosons": {
    "photon_mass": 0,
    "W_GeV": 1.8012079339092758e+21,
    "Z_GeV": 2.0353649653174813e+21,
    "gluon_mass": 0
  },
  "Higgs": {
    "VEV_GeV": 5.695919610719345e+21,
    "mass_GeV": 2.8479598053596725e+21
  },
  "Couplings": {
    "g_W": 0.331725013026398,
    "g_S": 1.65862506513199
  },
  "CKM": {
    "theta_12_deg": 41.810314895778596,
    "theta_13_deg": 37.76124390703504,
    "theta_23_deg": 24.79128089714489,
    "delta_CP": 0.6283185307179586
  },
  "Cosmology": {
    "rho_Lambda": 7.57417119988112e+64
  }
}