{
  "input": {
    "N": 9e+60
  },
  "forces": {
    "charges": {
      "f_em": 293.95323289024947,
      "f_weak": 587.9064657804989,
      "f_strong": 2351.6258631219957,
      "f_gravity": 1.0
    },
    "couplings": {
      "alpha_em": 3.266147032113883e-59,
      "alpha_weak": 6.532294064227766e-59,
      "alpha_strong": 2.6129176256911063e-58,
      "alpha_gravity": 1.111111111111111e-61
    }
  },
  "leptons": {
    "masses": {
      "m_electron": 293.95323289024947,
      "m_muon": 368.4157424909453,
      "m_tau": 521.0185396224487
    },
    "ratios": {
      "m_mu_over_m_e": 1.2533141373155001,
      "m_tau_over_m_e": 1.7724538509055159
    }
  },
  "cosmology": {
    "rho_lambda": 1.111111111111111e-61,
    "beta": 1.111111111111111e-61
  },
  "validation": {
    "alpha_em": {
      "predicted": 3.266147032113883e-59,
      "experimental": 0.0072973525692838015,
      "error_percent": 100.0
    },
    "m_mu_over_m_e": {
      "predicted": 1.2533141373155001,
      "experimental": 206.768283,
      "error_percent": 99.39385571175077
    },
    "m_tau_over_m_e": {
      "predicted": 1.7724538509055159,
      "experimental": 3477.15,
      "error_percent": 99.94902567186041
    }
  },
  "evolution": {
    "z=0": {
      "N": 9e+60,
      "alpha_em": 3.266147032113883e-59
    },
    "z=1": {
      "N": 4.5e+60,
      "alpha_em": 6.500033529556602e-59
    },
    "z=2": {
      "N": 3.0000000000000002e+60,
      "alpha_em": 9.721743489781133e-59
    },
    "z=5": {
      "N": 1.5000000000000001e+60,
      "alpha_em": 1.9346705375548772e-58
    },
    "z=10": {
      "N": 8.181818181818182e+59,
      "alpha_em": 3.531380022803708e-58
    }
  }
}