{
  "N": 9e+60,
  "f_em_computed": 0.3620255260085973,
  "charges": {
    "f_em": 0.3620255260085973,
    "f_w": 1.574024026124336,
    "f_s": 2.896204208068778
  },
  "couplings_at_current_N": {
    "alpha_em": 4.0225058445399695e-62,
    "alpha_w": 1.7489155845825955e-61,
    "alpha_s": 3.2180046756319756e-61
  },
  "mass_ratios": {
    "m_mu_over_m_e": 4.3478260869565215,
    "m_tau_over_m_e": 8.0
  }
}