{
  "N": 9e+60,
  "alpha": 0.0072992700729927005,
  "particles": {
    "electron": 0.0072992700729927005,
    "muon_ratio": 4.0,
    "tau_ratio": 9.0
  },
  "couplings": {
    "g_W": 0.6315107247239914,
    "g_S": 1.2177157847767197,
    "sin2_theta_W": 0.23
  },
  "mixing": {
    "theta_12_deg": 40.89339464913091,
    "theta_13_deg": 12.60438264837918,
    "theta_23_deg": 7.566995099057041,
    "delta_CP": 3.7699111843077517
  }
}